strength,covered,required,coverage_rate,probes
1,103,103,1.000000,4216
2,3978,4043,0.983923,4216
3,36453,87443,0.416877,4216
