budget,generated_prefix_rules,diagnostic_prefix_rules,total_rules,generated_rule_coverage,diagnostic_rule_coverage,random_mean,random_p05,random_p95,random_min,random_max,random_trials
50,193,286,287,0.672474,0.996516,0.707178,0.627003,0.766551,0.613240,0.797909,100
100,287,287,287,1.000000,1.000000,0.811498,0.770035,0.850348,0.749129,0.857143,100
250,287,287,287,1.000000,1.000000,0.890174,0.863937,0.913240,0.846690,0.930314,100
500,287,287,287,1.000000,1.000000,0.919930,0.898780,0.940767,0.881533,0.958188,100
1000,287,287,287,1.000000,1.000000,0.950557,0.933798,0.968641,0.926829,0.975610,100
2000,287,287,287,1.000000,1.000000,0.973484,0.958188,0.986063,0.954704,0.993031,100
3000,287,287,287,1.000000,1.000000,0.987073,0.972125,1.000000,0.972125,1.000000,100
4216,287,287,287,1.000000,1.000000,1.000000,1.000000,1.000000,1.000000,1.000000,100
