method,projected_equivalences,false_equivalences,conditional_rate,wilson_low,wilson_high,bootstrap_mean,bootstrap_low,bootstrap_high,bootstrap_clusters,bootstrap_replicates
keyword,2284,254,0.111208,0.098962,0.124761,0.111588,0.098256,0.124763,4216,1000
yesno,2036,6,0.002947,0.001351,0.006415,0.003000,0.000960,0.005739,4216,1000
operator_only,2268,238,0.104938,0.092986,0.118227,0.105063,0.091823,0.119091,4216,1000
