engine,total_rules,must,must_frac,may,may_frac,must_not,must_not_frac,unspec,unspec_frac
BigQuery,37,0,0.000000,32,0.864865,5,0.135135,0,0.000000
ClickHouse,26,0,0.000000,26,1.000000,0,0.000000,0,0.000000
DuckDB,21,2,0.095238,13,0.619048,6,0.285714,0,0.000000
PostgreSQL,80,4,0.050000,65,0.812500,11,0.137500,0,0.000000
Snowflake,26,5,0.192308,20,0.769231,1,0.038462,0,0.000000
Spark SQL,36,0,0.000000,33,0.916667,3,0.083333,0,0.000000
Trino,61,2,0.032787,51,0.836066,8,0.131148,0,0.000000
